{
  "project_info": {
    "project_number": "308737311204",
    "project_id": "shopperz-fe4ea",
    "storage_bucket": "shopperz-fe4ea.appspot.com"
  },
  "client": [
    {
      "client_info": {
        "mobilesdk_app_id": "1:308737311204:android:965ddad00da4bad01bc7f1",
        "android_client_info": {
          "package_name": "com.inilabs.shopking"
        }
      },
      "oauth_client": [],
      "api_key": [
        {
          "current_key": "AIzaSyCShj14p-bc1hbJaI9zObRYurP8ffpoVcM"
        }
      ],
      "services": {
        "appinvite_service": {
          "other_platform_oauth_client": []
        }
      }
    }
  ],
  "configuration_version": "1"
}